City_ID,City,Country,Lat,Lng,Max Temp,Humidity,Cloudiness,Wind Speed,Current Description
0,Saint-Louis,SN,16.3333,-15.0,70.99,20,26,11.7,scattered clouds
1,Albany,US,42.6001,-73.9662,9.0,50,3,3.0,clear sky
2,Mayo,US,38.8876,-76.5119,30.99,51,90,11.5,overcast clouds
3,Tiksi,RU,71.6872,128.8694,-30.53,85,100,5.5,overcast clouds
4,Kaitangata,NZ,-46.2817,169.8464,57.99,72,24,8.01,few clouds
5,Rikitea,PF,-23.1203,-134.9692,80.47,70,31,9.06,scattered clouds
6,Quelimane,MZ,-17.8786,36.8883,75.92,91,99,1.25,overcast clouds
7,Slave Lake,CA,55.2834,-114.769,1.4,78,1,5.75,clear sky
8,San Jose,US,37.3394,-121.895,48.99,71,40,3.44,scattered clouds
9,Haverhill,US,42.7762,-71.0773,12.0,61,1,10.36,clear sky
10,Ushuaia,AR,-54.8,-68.3,42.8,75,40,17.27,scattered clouds
11,Skala,PL,50.2305,19.8536,30.0,93,75,1.14,light snow
12,Carauari,BR,-4.8828,-66.8958,74.14,95,100,2.33,overcast clouds
13,Hilo,US,19.7297,-155.09,75.2,73,90,6.91,moderate rain
14,Mataura,NZ,-46.1927,168.8643,70.48,36,0,0.94,clear sky
15,Srednekolymsk,RU,67.45,153.6833,-31.65,84,99,1.74,overcast clouds
16,Chokurdakh,RU,70.6333,147.9167,-26.84,85,100,8.88,overcast clouds
17,Bima,ID,-8.4667,118.7167,81.48,79,100,5.12,heavy intensity rain
18,Punta Arenas,CL,-53.15,-70.9167,46.4,81,40,20.71,scattered clouds
19,Severo-Kurilsk,RU,50.6789,156.125,24.51,90,100,16.04,overcast clouds
20,Pacific Grove,US,36.6177,-121.9166,48.0,87,1,3.44,clear sky
21,Cape Town,ZA,-33.9258,18.4232,70.0,94,75,3.44,broken clouds
22,Hermanus,ZA,-34.4187,19.2345,61.0,91,71,4.16,broken clouds
23,Butaritari,KI,3.0707,172.7902,80.46,78,99,15.39,light rain
24,Dikson,RU,73.5069,80.5464,-33.39,84,97,7.94,overcast clouds
25,Nyurba,RU,63.2842,118.3319,-42.27,78,100,2.59,overcast clouds
26,Kavaratti,IN,10.5669,72.642,80.24,73,2,11.7,clear sky
27,East London,ZA,-33.0153,27.9116,69.3,72,35,2.86,scattered clouds
28,Ahipara,NZ,-35.1667,173.1667,67.82,66,71,3.94,broken clouds
29,Saint George,US,37.1041,-113.5841,39.99,93,90,9.22,overcast clouds
30,Atuona,PF,-9.8,-139.0333,78.46,80,11,17.34,few clouds
31,Salinopolis,BR,-0.6136,-47.3561,80.56,80,98,13.67,light rain
32,Tacuarembo,UY,-31.7333,-55.9833,70.59,73,13,3.6,few clouds
33,Tarime,TZ,-1.35,34.3667,61.12,78,12,4.43,few clouds
34,Beloha,MG,-25.1667,45.05,76.37,79,0,5.37,clear sky
35,Puerto Ayora,EC,-0.7393,-90.3518,78.01,95,43,5.99,light rain
36,Ilulissat,GL,69.2167,-51.1,-0.4,55,0,8.05,clear sky
37,Paita,PE,-5.0892,-81.1144,75.54,74,69,12.82,broken clouds
38,Bengkulu,ID,-3.8004,102.2655,84.69,63,100,2.35,overcast clouds
39,Upernavik,GL,72.7868,-56.1549,-8.73,84,0,10.0,clear sky
40,Qaanaaq,GL,77.484,-69.3632,-13.36,62,0,5.57,clear sky
41,Nabire,ID,-3.3667,135.4833,79.88,77,100,1.59,overcast clouds
42,Harper,LR,4.375,-7.7169,77.83,87,0,5.55,clear sky
43,Saint-Philippe,RE,-21.3585,55.7679,80.6,57,0,5.75,clear sky
44,San Patricio,US,28.017,-97.5169,66.2,77,90,12.66,overcast clouds
45,Busselton,AU,-33.65,115.3333,82.0,44,0,5.01,clear sky
46,Vaini,TO,-21.2,-175.2,80.6,89,90,19.24,light rain
47,Eydhafushi,MV,5.1033,73.0708,80.73,69,0,11.59,clear sky
48,Novobirilyussy,RU,56.9514,90.6661,-15.83,88,100,7.0,overcast clouds
49,Pisco,PE,-13.7,-76.2167,71.6,73,0,6.91,clear sky
50,Kieta,PG,-6.2167,155.6333,86.77,67,73,14.2,light rain
51,Kathmandu,NP,27.7167,85.3167,44.6,81,20,1.88,mist
52,Yellowknife,CA,62.456,-114.3525,-18.0,76,1,5.75,clear sky
53,La Ronge,CA,55.1001,-105.2842,8.6,85,68,3.44,broken clouds
54,Harer,ET,9.3094,42.1258,50.68,75,0,2.37,clear sky
55,Leningradskiy,RU,69.3833,178.4167,-23.6,85,100,7.99,overcast clouds
56,Provost,CA,52.3501,-110.2683,-2.2,92,37,3.44,scattered clouds
57,Bonthe,SL,7.5264,-12.505,77.14,88,0,4.23,clear sky
58,Arvika,SE,59.6553,12.5852,5.0,100,0,4.61,clear sky
59,Narsaq,GL,60.9167,-46.05,42.8,33,75,26.46,broken clouds
60,Honiara,SB,-9.4333,159.95,83.98,78,64,8.68,broken clouds
61,Cidreira,BR,-30.1811,-50.2056,75.16,89,39,4.92,scattered clouds
62,Neftcala,AZ,39.3742,49.2472,45.21,87,100,8.39,overcast clouds
63,Effium,NG,6.6292,8.0593,71.74,94,55,3.22,broken clouds
64,Chapais,CA,49.7834,-74.8492,-0.4,85,90,9.22,light snow
65,Salaga,GH,8.5508,-0.5188,76.39,76,19,2.95,few clouds
66,Lagoa,PT,39.05,-27.9833,59.7,82,97,19.08,overcast clouds
67,Medvedka,RU,61.1629,46.387,19.24,97,100,5.97,light snow
68,Wajir,KE,1.7471,40.0573,72.23,79,46,12.59,scattered clouds
69,Brae,GB,60.3964,-1.353,33.8,75,29,9.22,scattered clouds
70,Padang,ID,-0.9492,100.3543,80.6,78,40,4.61,scattered clouds
71,Port Alfred,ZA,-33.5906,26.891,64.99,82,6,6.93,clear sky
72,Bambanglipuro,ID,-7.95,110.2833,82.67,72,100,4.23,overcast clouds
73,Kodiak,US,57.79,-152.4072,35.6,55,1,16.11,clear sky
74,Bousso,TD,10.4795,16.7117,70.11,21,0,7.63,clear sky
75,Barrow,US,71.2906,-156.7887,-11.2,77,90,9.22,overcast clouds
76,Georgetown,MY,5.4112,100.3354,84.2,65,20,8.05,few clouds
77,Nikolskoye,RU,59.7035,30.7861,30.2,93,90,8.95,light snow
78,Sakaiminato,JP,35.55,133.2333,44.6,53,75,12.66,broken clouds
79,Yoichi,JP,43.2039,140.7703,32.0,86,75,23.02,light snow
80,Santa Barbara,US,34.7333,-120.0343,46.99,93,75,1.01,broken clouds
81,Cherskiy,RU,68.75,161.3,-33.59,83,6,2.84,clear sky
82,Maniitsoq,GL,65.4167,-52.9,19.78,76,0,4.85,clear sky
83,Mahebourg,MU,-20.4081,57.7,78.8,89,40,8.05,scattered clouds
84,Claudio,BR,-20.4433,-44.7658,65.91,85,100,2.26,overcast clouds
85,Bajmok,RS,45.9688,19.4243,40.6,91,100,7.14,overcast clouds
86,Sulangan,PH,11.1373,123.7228,79.56,80,87,29.06,overcast clouds
87,Carnarvon,AU,-24.8667,113.6333,105.8,21,0,18.41,clear sky
88,Bluff,NZ,-46.6,168.3333,54.3,72,0,14.85,clear sky
89,Batsfjord,NO,70.6345,29.7185,22.23,95,100,11.72,overcast clouds
90,Salalah,OM,17.0151,54.0924,69.8,64,75,4.61,broken clouds
91,Nacala,MZ,-14.5428,40.6728,77.05,90,99,4.12,light rain
92,Acapulco,MX,16.8634,-99.8901,80.6,83,90,5.75,overcast clouds
93,Thompson,CA,55.7435,-97.8558,10.4,85,90,4.61,light snow
94,Lompoc,US,34.6391,-120.4579,44.6,100,1,2.55,clear sky
95,Gorontalo,ID,0.5412,123.0595,85.24,69,51,4.65,broken clouds
96,Ponta Do Sol,PT,32.6667,-17.1,57.99,76,11,1.99,few clouds
97,Lagdo,CM,9.05,13.7333,68.13,22,0,2.24,clear sky
98,Chirala,IN,15.8167,80.35,75.29,76,78,3.96,broken clouds
99,Tautira,PF,-17.7333,-149.15,82.4,69,75,13.8,broken clouds
100,Khandyga,RU,62.6667,135.6,-45.0,75,87,1.12,overcast clouds
101,Puerto Penasco,MX,31.3167,-113.5333,59.0,77,38,1.01,scattered clouds
102,Morden,CA,49.1919,-98.1014,21.2,79,100,13.8,overcast clouds
103,Coihaique,CL,-45.5752,-72.0662,46.4,76,0,2.3,clear sky
104,Sistranda,NO,63.7256,8.834,35.6,75,40,19.57,scattered clouds
105,Monrovia,LR,6.3005,-10.7969,78.46,87,3,5.12,clear sky
106,River Falls,US,44.8614,-92.6238,24.01,66,100,1.01,overcast clouds
107,Dwarka,IN,22.2394,68.9678,66.42,40,2,12.44,clear sky
108,Iqaluit,CA,63.7506,-68.5145,-13.0,70,1,27.63,snow
109,Nanortalik,GL,60.1432,-45.2371,31.75,92,96,8.03,overcast clouds
110,Bumba,CD,2.1833,22.4667,70.97,92,76,1.63,broken clouds
111,Lala,PH,7.9745,123.7458,85.62,59,91,10.02,overcast clouds
112,Arlit,NE,18.7369,7.3853,55.11,33,0,2.15,clear sky
113,Dekar,BW,-21.5333,21.9333,67.44,88,85,3.56,overcast clouds
114,Ancud,CL,-41.8697,-73.8203,54.0,71,0,16.11,clear sky
115,Lodja,CD,-3.4833,23.4333,68.77,88,93,1.74,light rain
116,Ozernovskiy,RU,51.5,156.5167,19.35,91,100,14.03,overcast clouds
117,Arraial Do Cabo,BR,-22.9661,-42.0278,77.09,83,96,25.77,overcast clouds
118,Vila,PT,42.0304,-8.1588,48.99,95,95,11.41,overcast clouds
119,Severomuysk,RU,56.1481,113.4267,-30.62,83,0,3.56,clear sky
120,Westport,US,41.1415,-73.3579,17.6,45,1,12.66,clear sky
121,Arkhangelsk,RU,64.5401,40.5433,19.4,86,90,8.95,light snow
122,Alamosa,US,37.4695,-105.87,21.2,73,90,8.05,overcast clouds
123,Kuala Terengganu,MY,5.3302,103.1408,80.6,69,40,3.44,scattered clouds
124,Biltine,TD,14.5333,20.9167,66.7,25,0,19.86,clear sky
125,Engel-Yurt,RU,43.3289,46.3603,37.4,100,90,4.47,mist
126,Predivinsk,RU,57.0669,93.4378,-19.68,85,100,5.99,overcast clouds
127,Galle,LK,6.0367,80.217,78.46,81,20,1.72,few clouds
128,Lebu,CL,-37.6167,-73.65,56.07,91,67,5.06,broken clouds
129,Lulea,SE,65.5842,22.1547,3.2,92,90,11.5,overcast clouds
130,Nemuro,JP,43.3236,145.575,30.2,86,75,6.91,light rain and snow
131,Koungou,YT,-12.7336,45.2042,78.8,89,75,2.3,light rain
132,Hami,CN,42.8,93.45,26.47,80,0,1.41,clear sky
133,Victoria,HK,22.2855,114.1577,63.0,63,0,5.01,clear sky
134,Russell,US,32.3502,-85.1999,42.8,75,1,0.6,clear sky
135,Safranbolu,TR,41.2508,32.6942,31.62,85,100,3.8,overcast clouds
136,San Juan,AR,-31.5375,-68.5364,83.28,24,0,11.1,clear sky
137,Ewa Beach,US,21.3156,-158.0072,78.8,57,1,10.36,clear sky
138,La Asuncion,VE,11.0333,-63.8628,74.93,88,54,10.87,broken clouds
139,Hobart,AU,-42.8794,147.3294,72.0,60,75,11.5,broken clouds
140,Saldanha,ZA,-33.0117,17.9442,65.12,83,46,12.03,scattered clouds
141,Yar-Sale,RU,66.8333,70.8333,-39.05,82,25,3.87,scattered clouds
142,Tuktoyaktuk,CA,69.4541,-133.0374,-36.4,67,1,2.3,clear sky
143,New Norfolk,AU,-42.7826,147.0587,72.0,60,75,11.5,broken clouds
144,Caruray,PH,10.3094,119.0128,86.0,62,20,23.02,few clouds
145,Rancho Palos Verdes,US,33.7445,-118.387,51.8,82,40,3.44,scattered clouds
146,Codrington,AU,-38.2667,141.9667,62.98,71,100,12.41,overcast clouds
147,Santiago,CL,-33.4569,-70.6483,63.0,94,90,2.3,overcast clouds
148,Matagami,CA,49.7502,-77.6328,-4.0,92,90,13.8,light snow
149,Prachuap Khiri Khan,TH,12.2167,99.75,80.6,65,95,4.61,overcast clouds
150,Emba,KZ,48.8264,58.1442,17.65,95,99,8.95,overcast clouds
151,Malakal,SS,9.5334,31.6605,71.89,19,0,8.55,clear sky
152,Bredasdorp,ZA,-34.5322,20.0403,61.0,91,93,4.03,overcast clouds
153,Hithadhoo,MV,-0.6,73.0833,81.63,76,98,11.92,light rain
154,Ribeira Grande,PT,38.5167,-28.7,61.07,82,91,25.21,overcast clouds
155,Parole,US,38.9796,-76.5305,30.2,51,90,11.5,overcast clouds
156,Luderitz,NA,-26.6481,15.1594,65.19,52,0,22.66,clear sky
157,Beringovskiy,RU,63.05,179.3167,-17.12,83,0,9.37,clear sky
158,Bilma,NE,18.6853,12.9164,59.16,30,26,7.36,scattered clouds
159,Burgeo,CA,47.6167,-57.6152,25.09,86,88,15.95,overcast clouds
160,Touros,BR,-5.1989,-35.4608,77.0,88,40,4.61,scattered clouds
161,Longyearbyen,SJ,78.2186,15.6401,-0.4,50,20,19.57,few clouds
162,Tignere,CM,7.3667,12.65,62.46,28,0,3.4,clear sky
163,Santa Maria,BR,-29.6842,-53.8069,75.2,83,0,9.22,clear sky
164,Klaksvik,FO,62.2266,-6.589,32.0,74,90,15.19,overcast clouds
165,Tevriz,RU,57.509,72.4042,-5.13,89,100,7.11,overcast clouds
166,Zhigansk,RU,66.7697,123.3711,-42.92,80,99,3.2,overcast clouds
167,Bandarbeyla,SO,9.4942,50.8122,72.37,75,22,11.12,few clouds
168,Nizwa,OM,22.9333,57.5333,53.08,64,0,2.17,clear sky
169,Qom,IR,34.6401,50.8764,44.62,80,47,3.33,scattered clouds
170,Koumac,NC,-20.5667,164.2833,80.67,73,65,8.3,broken clouds
171,Lata,PT,40.1629,-8.3327,57.99,100,100,10.0,overcast clouds
172,Meulaboh,ID,4.1363,96.1285,82.15,70,83,0.98,broken clouds
173,Souillac,MU,-20.5167,57.5167,78.8,89,40,8.05,scattered clouds
174,Norman Wells,CA,65.282,-126.8329,-34.6,74,40,2.3,scattered clouds
175,Virginia Beach,US,36.8529,-75.978,30.99,51,0,1.99,clear sky
176,Lyuban,BY,52.7985,28.0048,21.52,96,100,9.04,overcast clouds
177,Nishihara,JP,26.1842,127.7558,66.2,31,40,10.36,scattered clouds
178,Sao Filipe,CV,14.8961,-24.4956,74.64,55,97,9.78,overcast clouds
179,Voznesenskaya,RU,44.5527,41.0318,32.2,94,82,5.14,broken clouds
180,Kulhudhuffushi,MV,6.6221,73.07,80.69,69,0,9.24,clear sky
181,Adrar,MR,20.5022,-10.0711,62.69,27,0,10.8,clear sky
182,Kangaatsiaq,GL,68.3065,-53.4641,6.49,93,45,2.39,scattered clouds
183,Karratha,AU,-20.7377,116.8463,91.98,45,5,7.47,clear sky
184,Grand-Lahou,CI,5.1367,-5.0242,78.26,88,18,6.11,few clouds
185,Ketchikan,US,55.3422,-131.6461,35.6,80,90,6.91,light snow
186,Mar Del Plata,AR,-38.0023,-57.5575,66.99,88,77,8.86,mist
187,Qaqortoq,GL,60.7167,-46.0333,42.8,33,75,26.46,broken clouds
188,Auki,SB,-8.7676,160.7034,82.71,81,75,10.85,broken clouds
189,Moose Factory,CA,51.2585,-80.6094,-0.4,78,90,8.05,overcast clouds
190,Belmonte,BR,-15.8631,-38.8828,78.8,73,20,9.22,few clouds
191,Satellite Beach,US,28.1761,-80.5901,59.0,51,1,6.91,clear sky
192,Bahar,IR,34.9072,48.4414,34.0,90,59,5.37,broken clouds
193,Khatanga,RU,71.9667,102.5,-42.93,75,0,3.51,clear sky
194,Nchelenge,ZM,-9.3451,28.734,67.15,88,84,3.44,broken clouds
195,Hamilton,US,39.1834,-84.5333,28.0,63,75,5.75,broken clouds
196,Kaeo,NZ,-35.1,173.7833,71.01,64,50,8.01,scattered clouds
197,Lavrentiya,RU,65.5833,-171.0,-18.17,81,0,9.95,clear sky
198,Mineiros,BR,-17.5694,-52.5511,68.58,91,100,5.01,overcast clouds
199,Kapaa,US,22.0752,-159.319,75.2,78,40,16.11,light rain
200,Henties Bay,NA,-22.116,14.2845,66.99,82,30,5.61,scattered clouds
201,Lappeenranta,FI,61.0587,28.1887,28.0,92,100,9.42,snow
202,Airai,TL,-8.9266,125.4092,63.9,100,100,4.07,moderate rain
203,Yining,CN,29.0361,114.5636,49.17,61,100,0.87,overcast clouds
204,Oswego,US,43.4501,-76.1497,14.0,79,90,3.62,overcast clouds
205,Naze,JP,28.3667,129.4833,60.8,48,40,16.11,scattered clouds
206,Acaponeta,MX,22.4964,-105.3594,67.55,69,0,1.41,clear sky
207,Jamestown,US,42.097,-79.2353,19.0,73,90,13.8,light snow
208,Anadyr,RU,64.75,177.4833,-20.0,76,0,8.95,clear sky
209,Sabang,ID,5.8933,95.3214,81.39,79,84,24.16,broken clouds
210,Dicabisagan,PH,17.0818,122.4157,70.54,78,97,12.8,overcast clouds
211,Wajid,SO,3.8093,43.2471,65.84,75,0,14.18,clear sky
212,Callaway,US,30.153,-85.5699,45.0,87,1,3.44,clear sky
213,Torbay,CA,47.6666,-52.7314,28.0,93,90,20.71,light snow
214,Nouadhibou,MR,20.931,-17.0347,66.2,59,4,14.97,clear sky
215,Esso,RU,55.9333,158.7,8.71,88,97,3.85,overcast clouds
216,Yemelyanovo,RU,56.1681,92.6767,-5.8,71,40,17.9,snow
217,Patacamaya,BO,-17.2333,-67.9167,50.16,59,51,1.68,broken clouds
218,Yumen,CN,40.2833,97.2,26.62,68,0,21.23,clear sky
219,Beibei,CN,29.8256,106.4339,51.01,76,28,6.71,mist
220,Alyangula,AU,-13.8483,136.4192,87.8,70,40,8.05,scattered clouds
221,Gimli,CA,50.6336,-96.9907,17.6,79,100,9.22,overcast clouds
222,Pangnirtung,CA,66.1451,-65.7125,-9.4,77,1,5.75,clear sky
223,Banda Aceh,ID,5.5577,95.3222,82.0,74,99,16.69,overcast clouds
224,Luena,AO,-11.7833,19.9167,61.86,95,97,1.12,overcast clouds
225,Pokrovskoye,RU,47.4157,38.8971,37.99,75,100,15.99,overcast clouds
226,Chuy,UY,-33.6971,-53.4616,67.73,92,4,1.74,clear sky
227,Balad,IQ,34.0164,44.1453,48.74,76,0,5.3,clear sky
228,Sitka,US,57.0531,-135.33,39.2,48,90,16.11,light snow
229,Zhongxing,CN,33.7039,118.6792,48.79,51,30,6.93,scattered clouds
230,Manuk Mangkaw,PH,4.8,119.85,81.1,79,60,11.52,broken clouds
231,Constitucion,CL,-35.3333,-72.4167,61.45,95,100,8.1,overcast clouds
232,Nebolchi,RU,59.1239,33.3454,23.47,97,88,7.61,overcast clouds
233,Sibolga,ID,1.7427,98.7792,80.69,74,100,2.82,overcast clouds
234,Tosno,RU,59.54,30.8775,30.2,93,90,8.95,light snow
235,Zaysan,KZ,47.4667,84.8667,0.73,89,85,0.63,overcast clouds
236,Cayenne,GF,4.9333,-52.3333,75.2,100,75,2.3,broken clouds
237,Rio Claro,BR,-22.4114,-47.5614,77.0,83,0,1.14,clear sky
238,Gizo,SB,-8.103,156.8419,86.43,72,94,15.39,light rain
239,Sur,OM,22.5667,59.5289,62.71,50,0,6.22,clear sky
240,Panama City,PA,8.9936,-79.5197,77.0,78,87,6.91,overcast clouds
241,Progreso,MX,21.2833,-89.6667,70.0,68,1,6.91,clear sky
242,Mount Gambier,AU,-37.8333,140.7667,66.2,68,90,10.36,overcast clouds
243,Makakilo City,US,21.3469,-158.0858,78.8,57,1,10.36,clear sky
244,Ambanja,MG,-13.6833,48.45,74.73,87,96,2.48,overcast clouds
245,Miracema Do Tocantins,BR,-9.5618,-48.3967,74.73,87,100,1.05,moderate rain
246,Skibbereen,IE,51.55,-9.2667,42.8,100,75,29.93,broken clouds
247,Rawson,AR,-43.3002,-65.1023,57.38,53,0,12.59,clear sky
248,Castro,BR,-24.7911,-50.0119,62.65,96,100,3.78,light rain
249,Nieves,PH,15.3274,120.9485,78.8,57,75,9.22,broken clouds
250,Provideniya,RU,64.3833,-173.3,-7.46,81,3,4.32,clear sky
251,Bikaner,IN,28.0167,73.3,55.94,31,0,5.84,clear sky
252,Lorengau,PG,-2.0226,147.2712,84.83,75,100,9.98,overcast clouds
253,Port Hawkesbury,CA,45.6169,-61.3485,27.0,74,40,11.5,scattered clouds
254,Coari,BR,-4.085,-63.1414,73.96,95,100,2.35,moderate rain
255,Grindavik,IS,63.8424,-22.4338,33.8,86,75,4.61,broken clouds
256,Sola,VU,-13.8833,167.55,79.72,86,100,9.69,overcast clouds
257,Nome,US,64.5011,-165.4064,-2.2,60,1,21.85,clear sky
258,Yerbogachen,RU,61.2767,108.0108,-40.47,79,52,7.16,broken clouds
259,Denpasar,ID,-8.65,115.2167,84.2,79,40,10.36,scattered clouds
260,Cururupu,BR,-1.8283,-44.8683,77.09,87,93,4.05,overcast clouds
261,Sabzevar,IR,36.2126,57.6819,44.37,53,8,2.06,clear sky
262,Hasaki,JP,35.7333,140.8333,45.0,24,20,18.41,few clouds
263,Vila Velha,BR,-20.3297,-40.2925,78.8,78,75,6.91,broken clouds
264,Port Macquarie,AU,-31.4333,152.9167,82.0,70,97,1.01,overcast clouds
265,Bereda,ES,43.2686,-7.5406,48.99,96,67,10.0,broken clouds
266,Nizhniy Kuranakh,RU,58.8353,125.4869,-30.24,80,100,1.28,overcast clouds
267,Bambous Virieux,MU,-20.3428,57.7575,82.0,89,40,8.05,scattered clouds
268,Bethel,US,41.3712,-73.414,14.0,52,1,5.75,clear sky
269,Safaga,EG,26.7292,33.9365,53.6,50,0,10.36,clear sky
270,Mongu,ZM,-15.2484,23.1274,67.66,93,100,4.14,light rain
271,Vao,NC,-22.6667,167.4833,76.35,74,41,20.15,scattered clouds
272,Hambantota,LK,6.1241,81.1185,75.2,100,20,4.61,few clouds
273,Udachnyy,RU,66.4167,112.4,-35.63,80,100,5.1,overcast clouds
274,Moses Lake,US,47.1301,-119.2781,39.2,87,90,4.61,overcast clouds
275,Tadine,NC,-21.55,167.8833,79.7,67,21,16.6,few clouds
276,Qasigiannguit,GL,68.8193,-51.1922,-0.4,55,0,8.05,clear sky
277,Aripuana,BR,-9.1667,-60.6333,73.6,97,100,1.66,overcast clouds
278,Ligourion,GR,37.6167,23.0333,51.01,87,20,3.89,few clouds
279,Berlevag,NO,70.8578,29.0864,24.69,95,100,16.51,light snow
280,Buala,SB,-8.145,159.5921,85.55,73,98,13.02,light rain
281,Tazovskiy,RU,67.4667,78.7,-37.89,79,0,4.27,clear sky
282,The Pas,CA,53.8251,-101.2541,10.4,85,90,10.36,light snow
283,Craig,US,40.5153,-107.5464,33.8,74,40,3.44,scattered clouds
284,Vostok,RU,46.4856,135.8833,-5.39,87,99,4.09,overcast clouds
285,Bouza,NE,14.4229,6.0428,63.28,26,2,13.82,clear sky
286,Fortuna,US,40.5982,-124.1573,48.0,76,90,9.22,overcast clouds
287,Fare,PF,-16.7,-151.0167,80.82,66,86,2.57,light rain
288,Avarua,CK,-21.2078,-159.775,84.2,74,20,5.75,light rain
289,Kijang,KR,35.2442,129.2139,37.4,32,0,3.44,clear sky
290,Ostrovnoy,RU,68.0531,39.5131,8.42,94,100,16.93,light snow
291,Oxchuc,MX,16.85,-92.4167,52.41,100,69,3.53,broken clouds
292,Hualmay,PE,-11.0964,-77.6139,71.33,74,73,6.91,broken clouds
293,Rocha,UY,-34.4833,-54.3333,65.61,88,4,3.65,clear sky
294,Raudeberg,NO,61.9875,5.1352,33.01,90,69,24.02,light snow
295,Xuddur,SO,4.1213,43.8894,62.22,88,0,15.7,clear sky
296,Port Augusta,AU,-32.5,137.7667,82.99,50,7,17.27,clear sky
297,College,US,64.8569,-147.8028,1.0,70,40,3.36,scattered clouds
298,Agirish,RU,61.9247,63.0231,-15.81,88,100,7.99,overcast clouds
299,Andenes,NO,69.3143,16.1194,23.0,74,90,10.36,overcast clouds
300,Kutum,SD,14.2,24.6667,50.47,42,0,10.49,clear sky
301,Alice Springs,AU,-23.7,133.8833,93.99,38,66,14.97,broken clouds
302,Coquimbo,CL,-29.9533,-71.3436,62.6,82,20,5.75,few clouds
303,Itaituba,BR,-4.2761,-55.9836,74.16,96,100,0.47,overcast clouds
304,Sharjah,AE,25.3573,55.4033,66.0,72,0,6.91,clear sky
305,Tasiilaq,GL,65.6145,-37.6368,15.8,53,90,21.85,overcast clouds
306,Saskylakh,RU,71.9167,114.0833,-38.6,76,0,2.42,clear sky
307,Kaili,ID,-3.4626,120.2147,77.49,81,100,2.33,overcast clouds
308,Farmington,US,36.7281,-108.2187,44.6,39,90,16.11,overcast clouds
309,Port Hardy,CA,50.6996,-127.4199,42.8,87,90,17.27,light rain
310,Kahului,US,20.8947,-156.47,75.2,69,40,19.57,scattered clouds
311,Port Elizabeth,ZA,-33.918,25.5701,57.2,88,0,4.61,clear sky
312,Itacare,BR,-14.2775,-38.9967,80.6,78,75,9.22,broken clouds
313,Cabo San Lucas,MX,22.8909,-109.9124,69.01,82,1,4.61,clear sky
314,Guerrero Negro,MX,27.9769,-114.0611,60.28,75,4,15.5,clear sky
315,Katsuura,JP,35.1333,140.3,46.4,31,20,14.97,few clouds
316,Qinhuangdao,CN,39.9317,119.5883,28.69,79,0,14.03,clear sky
317,Elverum,NO,60.8819,11.5623,8.01,90,19,2.73,few clouds
318,Crnomelj,SI,45.5711,15.1889,48.2,93,53,5.75,mist
319,Savannah Bight,HN,16.45,-85.85,77.72,79,34,12.75,scattered clouds
320,Manokwari,ID,-0.8667,134.0833,83.1,64,89,2.86,overcast clouds
321,Mirnyy,RU,62.5353,113.9611,-44.09,78,81,3.2,broken clouds
322,Herat,AF,34.5,62.0,35.6,32,0,2.3,clear sky
323,Oranjemund,NA,-28.55,16.4333,60.13,90,2,14.14,clear sky
324,Jumla,NP,29.2747,82.1838,36.63,47,0,2.01,clear sky
325,Bairiki,KI,1.3292,172.9752,86.0,70,20,11.5,few clouds
326,Wasilla,US,61.5814,-149.4394,28.4,54,1,11.5,clear sky
327,Borovoy,RU,55.4333,86.0833,-0.4,71,40,17.9,snow
328,Pevek,RU,69.7008,170.3133,-29.94,85,16,3.44,few clouds
329,Viedma,AR,-40.8135,-62.9967,57.0,72,0,11.43,clear sky
330,Namibe,AO,-15.1961,12.1522,73.76,76,100,7.87,overcast clouds
331,Anjozorobe,MG,-18.4,47.8667,60.8,94,20,2.35,few clouds
332,Esna,EG,25.2934,32.554,50.0,71,0,3.44,clear sky
333,Haikou,CN,20.0458,110.3417,68.0,83,75,13.42,broken clouds
334,Kagoro,NG,9.6,8.3833,66.51,25,8,7.58,clear sky
335,Kalabo,ZM,-14.97,22.6814,67.17,93,100,4.07,overcast clouds
336,Soe,ID,-9.8607,124.284,77.32,80,100,6.87,moderate rain
337,Lesosibirsk,RU,58.2358,92.4828,-26.61,84,92,3.33,overcast clouds
338,Dudinka,RU,69.4058,86.1778,-37.14,77,1,4.0,clear sky
339,Boyolangu,ID,-8.1181,111.8935,80.2,79,100,4.63,overcast clouds
340,Bulgan,MN,48.8125,103.5347,16.95,88,12,8.84,few clouds
341,Caceres,ES,39.522,-6.3748,53.01,94,100,7.0,overcast clouds
342,Kailua,US,21.4022,-157.7394,78.8,69,40,14.97,scattered clouds
343,Rantepao,ID,-2.9701,119.8978,81.54,63,94,2.17,overcast clouds
344,Tuatapere,NZ,-46.1333,167.6833,65.68,46,0,6.13,clear sky
345,Pauini,BR,-7.7136,-66.9764,72.14,98,99,1.39,overcast clouds
346,Lanquin,GT,15.5667,-89.9667,65.77,73,96,1.39,overcast clouds
347,Yakovlevka,RU,44.425,133.4772,-2.9,83,100,3.85,overcast clouds
348,Los Llanos De Aridane,ES,28.6585,-17.9182,62.6,88,75,5.75,broken clouds
349,Xining,CN,36.6167,101.7667,19.9,68,100,2.64,overcast clouds
350,Mpanda,TZ,-6.3655,31.0409,63.28,91,100,0.78,overcast clouds
351,Jawar,IN,23.0,76.5,54.57,39,0,5.97,clear sky
352,Shubarshi,KZ,48.5872,57.1869,16.88,96,83,8.41,broken clouds
353,Hongjiang,CN,27.11,109.9956,46.67,86,100,1.61,overcast clouds
354,Buraydah,SA,26.326,43.975,51.8,62,0,4.61,clear sky
355,Deori,IN,21.45,82.6167,63.64,30,0,5.5,clear sky
356,Thurso,GB,58.5927,-3.5259,35.6,75,0,13.8,clear sky
357,Pemba,MZ,-12.974,40.5178,78.8,89,75,6.91,broken clouds
358,Maragogi,BR,-9.0122,-35.2225,77.34,83,100,10.13,overcast clouds
359,Esperance,AU,-33.8667,121.9,71.6,46,0,10.36,clear sky
360,Atambua,ID,-9.1061,124.8925,77.34,86,100,9.95,overcast clouds
361,Churapcha,RU,62.0025,132.4325,-44.3,75,59,1.14,broken clouds
362,Boguchany,RU,58.3814,97.4531,-30.8,80,100,8.08,overcast clouds
363,Chunian,PK,30.964,73.9803,49.93,44,0,1.12,clear sky
364,Tessalit,ML,20.1986,1.0114,60.1,29,0,11.7,clear sky
365,Zonguldak,TR,41.25,31.8333,32.27,88,100,6.6,overcast clouds
366,Half Moon Bay,US,37.4636,-122.4286,48.2,93,40,1.28,scattered clouds
367,Ayan,RU,56.45,138.1667,-3.95,84,100,1.66,overcast clouds
368,Tiko,CM,4.0745,9.3699,78.39,81,79,2.59,light rain
369,Kamariotissa,GR,40.4833,25.4667,57.2,82,75,11.5,light rain
370,Akyab,MM,20.15,92.9,68.95,45,22,5.91,few clouds
371,Alenquer,BR,-1.9417,-54.7383,80.6,83,40,8.05,scattered clouds
372,Quatre Cocos,MU,-20.2078,57.7625,82.0,89,40,8.05,scattered clouds
373,Christchurch,NZ,-43.5333,172.6333,66.99,45,40,4.61,scattered clouds
374,Katobu,ID,-4.9408,122.5276,86.13,63,98,5.84,overcast clouds
375,Pitimbu,BR,-7.4706,-34.8086,80.6,78,75,9.22,broken clouds
376,Sangmelima,CM,2.9333,11.9833,70.0,92,100,3.96,overcast clouds
377,Mangrol,IN,21.1167,70.1167,62.71,33,67,11.39,broken clouds
378,Flin Flon,CA,54.7682,-101.865,12.34,96,100,6.15,light snow
379,Port Lincoln,AU,-34.7333,135.8667,67.42,54,26,13.15,scattered clouds
380,Alta Floresta,BR,-9.8756,-56.0861,72.3,95,97,1.34,overcast clouds
381,Lakes Entrance,AU,-37.8811,147.981,69.01,86,71,1.01,broken clouds
382,Chirkey,RU,42.9613,46.9787,41.0,93,90,4.47,overcast clouds
383,Tottori,JP,35.5,134.2333,39.2,70,75,5.75,broken clouds
384,Sisimiut,GL,66.9395,-53.6735,7.93,85,0,9.98,clear sky
385,Lucapa,AO,-8.4192,20.7447,63.77,98,100,1.86,overcast clouds
386,Newport,GB,51.5877,-2.9984,45.0,96,100,14.45,moderate rain
387,Abaete,BR,-19.16,-45.4458,69.89,67,100,2.73,overcast clouds
388,Talnakh,RU,69.4865,88.3972,-31.63,65,3,3.0,clear sky
389,Shimoda,JP,34.6667,138.95,44.6,49,40,4.61,scattered clouds
390,Hohhot,CN,40.8106,111.6522,19.4,53,0,2.24,clear sky
391,Nova Olimpia,BR,-14.7972,-57.2881,75.02,89,99,4.36,overcast clouds
392,Tashtagol,RU,52.7657,87.8894,18.52,95,100,10.78,light snow
393,Chicama,PE,-7.8447,-79.1469,73.26,69,88,6.4,overcast clouds
394,Kingisepp,RU,59.3733,28.6134,28.02,99,100,4.7,snow
395,Aberdeen,GB,57.1437,-2.0981,28.99,100,64,4.61,broken clouds
396,Faanui,PF,-16.4833,-151.75,81.16,64,100,3.47,overcast clouds
397,Isangel,VU,-19.55,169.2667,87.8,62,40,11.5,scattered clouds
398,Nouakchott,MR,18.0858,-15.9785,64.4,22,79,9.22,broken clouds
399,Petrovsk,RU,52.3064,45.3917,30.0,97,100,18.16,overcast clouds
400,Elizabeth City,US,36.2946,-76.2511,27.0,63,1,4.61,clear sky
401,Ferme-Neuve,CA,46.7001,-75.4493,3.2,72,81,4.61,broken clouds
402,Santarem,BR,-2.4431,-54.7083,80.6,83,40,8.05,scattered clouds
403,San Miguel De Sema,CO,5.5178,-73.7221,48.97,94,71,3.36,broken clouds
404,Chimoio,MZ,-19.1164,33.4833,73.4,94,75,0.87,broken clouds
405,Namanyere,TZ,-7.5167,31.05,58.75,88,99,4.03,overcast clouds
406,Asheboro,US,35.7079,-79.8136,28.99,64,1,3.69,clear sky
407,Burladingen,DE,48.2833,9.1167,41.0,83,96,8.01,overcast clouds
408,Zabol,AF,32.25,67.25,33.37,67,7,0.98,clear sky
409,Great Bend,US,38.3645,-98.7648,42.01,81,1,9.22,clear sky
410,Tilichiki,RU,60.4667,166.1,-1.52,94,100,12.35,overcast clouds
411,Fairbanks,US,64.8378,-147.7164,1.0,77,1,2.86,clear sky
412,Malumfashi,NG,11.7853,7.6218,62.64,28,0,11.25,clear sky
413,Togitsu,JP,32.8333,129.85,42.8,52,20,2.3,few clouds
414,Fort Saint James,CA,54.4333,-124.25,3.4,93,100,1.63,overcast clouds
415,Hobyo,SO,5.3505,48.5268,74.88,79,36,15.43,scattered clouds
416,Ikalamavony,MG,-21.15,46.5833,66.38,87,6,3.47,clear sky
417,Carutapera,BR,-1.195,-46.02,79.48,80,94,8.88,overcast clouds
418,Bendigo,AU,-36.7667,144.2833,73.99,57,0,9.44,clear sky
419,Olafsvik,IS,64.8945,-23.7142,29.71,97,100,17.16,light snow
420,Jyvaskyla,FI,62.2415,25.7209,19.99,86,90,11.5,light snow
421,Lyaskelya,RU,61.7667,31.0167,24.42,97,98,8.16,light snow
422,Imbituba,BR,-28.24,-48.6703,75.2,94,75,9.22,broken clouds
423,Sete Lagoas,BR,-19.4658,-44.2467,73.4,68,0,3.44,clear sky
424,Darhan,MN,49.4867,105.9228,5.43,91,100,2.84,overcast clouds
425,Omboue,GA,-1.5746,9.2618,76.69,89,100,6.24,light rain
426,Alofi,NU,-19.0595,-169.9187,80.6,83,100,9.22,moderate rain
427,Marzuq,YE,14.4,46.4667,54.77,38,0,1.99,clear sky
428,Sunds,DK,56.2042,9.0127,19.4,93,6,2.3,clear sky
429,Kuusamo,FI,65.9667,29.1833,12.2,79,20,6.91,light snow
430,Dongsheng,CN,39.8161,109.9776,25.59,76,0,20.2,clear sky
431,San Borja,BO,-14.8167,-66.85,73.81,92,70,3.11,broken clouds
432,Skoghall,SE,59.3232,13.4655,5.0,100,0,4.61,clear sky
433,Dzhebariki-Khaya,RU,62.2167,135.8,-44.01,75,74,1.61,broken clouds
434,Faya,SA,18.3851,42.4509,53.6,34,0,0.67,clear sky
435,Klyuchi,RU,52.2667,79.1667,10.9,94,89,5.75,overcast clouds
436,Birao,CF,10.2849,22.7882,70.05,22,8,12.21,clear sky
437,Paamiut,GL,61.994,-49.6678,34.12,81,100,8.93,overcast clouds
438,Trairi,BR,-3.2778,-39.2689,79.0,82,92,10.2,overcast clouds
439,Altay,CN,47.8667,88.1167,5.95,77,28,1.59,scattered clouds
440,San Cristobal,VE,7.7669,-72.225,64.08,78,16,1.74,few clouds
441,Eureka,US,40.8021,-124.1637,46.99,77,98,5.01,overcast clouds
442,Tandil,AR,-37.3217,-59.1332,69.01,52,66,5.99,broken clouds
443,Linkou,CN,45.3,130.2833,-3.28,87,100,1.12,overcast clouds
444,Samarai,PG,-10.6167,150.6667,84.04,74,100,7.11,overcast clouds
445,Saint-Joseph,RE,-21.3667,55.6167,78.8,57,0,6.91,clear sky
446,Gossau,CH,47.4169,9.2513,46.4,71,99,6.91,overcast clouds
447,Saint-Pierre,RE,-21.3393,55.4781,80.6,57,0,5.75,clear sky
448,Fairlie,GB,55.756,-4.8556,34.0,91,100,5.01,overcast clouds
449,Skole,UA,49.0372,23.5135,28.99,85,97,2.98,light snow
450,Divo,CI,5.8397,-5.36,73.99,91,73,2.51,broken clouds
451,Honningsvag,NO,70.9821,25.9704,24.12,93,98,12.53,overcast clouds
452,Grunberg,DE,50.594,8.9587,44.01,94,98,8.16,overcast clouds
453,Araguaina,BR,-7.1911,-48.2072,74.16,92,100,1.57,overcast clouds
454,Nuuk,GL,64.1835,-51.7216,23.0,93,0,10.36,clear sky
455,Carballo,ES,43.213,-8.691,55.4,71,20,12.66,few clouds
456,Hauterive,FR,46.0901,3.4459,46.4,76,90,11.5,light rain
457,Manacor,ES,39.5696,3.2096,54.0,100,20,4.61,few clouds
458,Cheney,US,47.4874,-117.5758,33.8,100,90,6.91,light snow
459,Pontes E Lacerda,BR,-15.2261,-59.3353,73.29,86,100,3.09,overcast clouds
460,Diego De Almagro,CL,-26.3667,-70.05,57.36,59,0,0.58,clear sky
461,Funtua,NG,11.5233,7.3081,62.1,28,0,11.7,clear sky
462,Marawi,PH,7.9986,124.2928,80.01,80,89,3.0,light rain
463,Sunbury,AU,-37.5833,144.7333,73.0,53,75,11.5,broken clouds
464,Morehead,US,37.2711,-87.1764,33.01,55,1,4.61,clear sky
465,Santa Marta,CO,11.2408,-74.199,82.4,54,52,10.36,broken clouds
466,Santa Cruz,BO,-17.8,-63.1667,75.2,88,90,12.66,overcast clouds
467,Kashmor,PK,28.4333,69.5833,53.78,33,0,7.34,clear sky
468,Kargasok,RU,59.0556,80.8572,-34.22,82,0,5.93,clear sky
469,Antofagasta,CL,-23.65,-70.4,66.2,77,0,10.36,clear sky
470,Broome,US,42.2506,-75.833,10.0,78,90,3.44,mist
471,Tocopilla,CL,-22.092,-70.1979,66.88,56,0,3.71,clear sky
472,Khorramshahr,IR,30.4397,48.1664,57.2,62,0,4.61,dust
473,Kasane,BW,-17.8167,25.15,66.2,100,0,5.75,clear sky
474,Ngunguru,NZ,-35.6167,174.5,71.01,64,25,8.01,scattered clouds
475,Hermiston,US,45.8404,-119.2895,39.0,87,1,3.44,clear sky
476,Jaguarari,BR,-10.2639,-40.1958,67.96,89,100,7.49,overcast clouds
477,Abu Dhabi,AE,24.4667,54.3667,62.6,59,0,3.44,clear sky
478,Riyadh,SA,24.6877,46.7219,60.8,31,52,5.75,broken clouds
479,Saint-Ambroise,CA,48.5501,-71.3324,5.0,72,88,10.36,overcast clouds
480,Tawang,IN,27.5833,91.8667,37.9,50,0,2.44,clear sky
481,Kirkenes,NO,69.7271,30.0458,12.2,85,40,3.44,scattered clouds
482,Batagay,RU,67.6333,134.6333,-41.8,78,100,1.16,overcast clouds
483,Corpus Christi,US,27.8006,-97.3964,68.0,77,90,12.66,overcast clouds
484,Golden,US,39.7555,-105.2211,39.99,52,0,3.0,clear sky
485,Kamenka,RU,51.3223,42.7678,33.01,94,100,1.99,light snow
486,Poum,NC,-20.2333,164.0167,81.05,72,15,9.51,few clouds
487,Aykhal,RU,66.0,111.5,-36.99,80,99,7.76,overcast clouds
488,Sioux Lookout,CA,50.1001,-91.917,8.6,72,75,3.44,broken clouds
489,Arauca,CO,7.0847,-70.7591,76.98,54,9,4.16,clear sky
490,Kloulklubed,PW,7.0419,134.2556,86.0,62,75,13.8,broken clouds
491,Graaff-Reinet,ZA,-32.2522,24.5308,63.03,73,45,1.01,scattered clouds
492,El Alto,PE,-4.2714,-81.2147,73.44,80,46,13.65,scattered clouds
493,Yulara,AU,-25.2406,130.9889,89.6,33,40,18.41,scattered clouds
494,Pontianak,ID,-0.0333,109.3333,80.6,89,40,4.61,scattered clouds
495,Newcastle,AU,-32.9272,151.7765,81.0,69,100,8.05,light rain
496,Birjand,IR,32.8663,59.2211,44.6,12,20,11.5,few clouds
497,Praia Da Vitoria,PT,38.7333,-27.0667,59.0,82,20,16.22,few clouds
498,Linxia,CN,35.6003,103.2064,27.23,75,100,3.0,overcast clouds
499,That Phanom,TH,16.9364,104.7104,78.01,68,0,4.61,clear sky
500,Berdigestyakh,RU,62.0989,126.6992,-41.44,78,100,1.1,overcast clouds
501,Bethanien,NA,-26.502,17.1583,71.24,32,3,4.32,clear sky
502,Ayr,GB,55.4627,-4.6339,35.6,80,20,12.66,few clouds
503,Pemangkat,ID,1.1667,108.9667,76.55,90,100,8.39,light rain
504,Ulladulla,AU,-35.35,150.4667,79.0,73,75,10.36,broken clouds
505,Praia,CV,14.9215,-23.5087,73.4,53,0,16.11,clear sky
506,Jibuti,DJ,11.5,42.5,71.6,83,75,8.12,haze
507,Nova Vicosa,BR,-17.8919,-39.3719,76.01,86,1,8.5,clear sky
508,Aksu,CN,41.1231,80.2644,21.43,78,0,2.24,clear sky
509,Rach Gia,VN,10.0167,105.0833,77.0,73,7,2.3,clear sky
510,Mayumba,GA,-3.432,10.6554,76.69,91,100,4.23,light rain
511,Itarema,BR,-2.9248,-39.9167,78.91,84,97,11.34,overcast clouds
512,Minna,NG,9.6139,6.5569,75.4,19,23,11.54,few clouds
513,Geraldton,AU,-28.7667,114.6,98.6,18,0,18.41,clear sky
514,Namatanai,PG,-3.6667,152.4333,85.21,73,60,14.45,light rain
515,Jacareacanga,BR,-6.2222,-57.7528,74.5,87,100,1.77,overcast clouds
516,Clyde River,CA,70.4692,-68.5914,-16.6,83,1,5.75,clear sky
517,Komsomolskiy,UZ,40.4272,71.7189,26.6,59,41,6.91,scattered clouds
518,Tura,IN,25.5198,90.2201,64.96,40,0,2.84,clear sky
519,Teknaf,BD,20.8624,92.3058,72.09,37,2,3.69,clear sky
520,Saskatoon,CA,52.1168,-106.6345,1.99,85,40,9.22,scattered clouds
521,Sao Joao Da Barra,BR,-21.6403,-41.0511,77.68,80,16,21.81,few clouds
522,Mendi,PG,-6.1761,143.6513,67.57,80,93,5.44,light rain
523,Inverness,GB,57.4791,-4.224,33.01,93,40,2.3,scattered clouds
524,Obo,CF,5.3998,26.4869,73.89,19,82,8.16,broken clouds
525,Roald,NO,62.5833,6.1333,35.6,75,90,9.22,snow
526,Rio Grande,BR,-32.035,-52.0986,75.99,93,100,4.09,overcast clouds
527,Tiangua,BR,-3.7322,-40.9917,67.1,100,100,3.62,overcast clouds
528,Fort Frances,CA,48.5999,-93.4003,21.99,73,90,12.66,overcast clouds
529,Hay River,CA,60.8156,-115.7999,-20.2,76,2,2.3,clear sky
530,Vestmannaeyjar,IS,63.4427,-20.2734,35.24,82,100,7.63,overcast clouds
531,Thomasville,US,35.8826,-80.082,30.0,64,0,5.55,clear sky
532,Umm Lajj,SA,25.0213,37.2685,62.56,49,0,10.22,clear sky
533,Pahrump,US,36.2083,-115.9839,43.0,64,51,1.99,broken clouds
534,Le Port,RE,-20.9373,55.2919,80.6,61,2,12.66,clear sky
535,Port Stanley,FK,-51.7,-57.85,41.0,87,75,17.27,broken clouds
536,Manaus,BR,-3.1019,-60.025,75.2,100,0,2.3,clear sky
537,Montenegro,ME,42.5,19.3,42.8,93,90,3.44,overcast clouds
538,Aguimes,ES,27.9054,-15.4461,68.0,82,20,21.85,few clouds
539,Mbandaka,CD,0.0487,18.2603,71.92,93,97,2.13,light rain
540,Vasyurinskaya,RU,45.1181,39.424,37.0,87,0,8.95,clear sky
541,Port-Gentil,GA,-0.7193,8.7815,80.24,82,100,12.01,overcast clouds
542,Merrill,US,45.1805,-89.6835,21.2,58,90,4.61,overcast clouds
543,Mareeba,AU,-17.0,145.4333,89.01,66,96,5.99,overcast clouds
544,Alpena,US,45.0617,-83.4327,17.01,73,1,4.61,clear sky
545,Ust-Maya,RU,60.4167,134.5333,-41.1,77,99,0.67,overcast clouds
546,Valparaiso,CL,-33.0393,-71.6273,64.99,79,100,6.38,overcast clouds
547,Muyezerskiy,RU,63.9333,31.65,16.81,97,100,8.88,light snow
548,Isla Vista,US,34.4133,-119.861,48.2,87,75,3.44,broken clouds
549,Leshukonskoye,RU,64.8989,45.7622,14.22,96,100,9.04,overcast clouds
550,San Jose De Guanipa,VE,8.8872,-64.1651,75.72,63,48,11.41,scattered clouds
551,Vanderhoof,CA,54.0166,-124.0198,4.35,93,100,1.45,overcast clouds
552,Evensk,RU,61.95,159.2333,-0.24,85,100,14.88,overcast clouds
553,Salvador,SV,13.8333,-88.9167,84.2,42,0,10.36,clear sky
554,Rangpur,BD,25.75,89.25,61.72,40,0,8.34,clear sky
555,Bilibino,RU,68.0546,166.4372,-24.65,80,0,4.27,clear sky
556,Necochea,AR,-38.5473,-58.7368,64.99,79,67,14.32,broken clouds
557,Raton,US,36.9034,-104.4391,33.8,60,1,8.48,clear sky
558,Dunedin,NZ,-45.8742,170.5036,55.0,73,9,18.99,clear sky
559,Daru,PG,-9.0763,143.2092,78.04,90,99,13.8,overcast clouds
560,Shingu,JP,33.7333,135.9833,42.8,52,40,17.27,scattered clouds
561,Hodal,IN,27.9,77.3667,50.68,45,0,5.91,clear sky
562,Basco,PH,20.4487,121.9702,69.4,73,41,24.58,scattered clouds
563,Port Blair,IN,11.6667,92.75,82.56,71,29,9.82,scattered clouds
564,Willowmore,ZA,-33.2926,23.4895,59.27,69,0,1.05,clear sky
565,Natitingou,BJ,10.3042,1.3796,76.03,18,0,12.64,clear sky
566,Kiunga,PG,-6.1219,141.2906,81.61,93,92,6.29,light rain
567,Deputatskiy,RU,69.3,139.9,-29.11,87,100,2.33,overcast clouds
568,Oksovskiy,RU,62.6062,39.8984,15.28,97,99,5.99,overcast clouds
569,Kadipaten,ID,-8.1357,113.2158,77.07,84,100,3.13,overcast clouds
570,Cap Malheureux,MU,-19.9842,57.6142,82.0,78,1,5.01,moderate rain
571,Linhai,CN,28.85,121.1167,53.01,35,0,2.84,clear sky
572,Ubinskoye,RU,55.3068,79.6802,-4.77,90,94,8.34,overcast clouds
573,Yorkton,CA,51.2167,-102.4677,17.6,93,90,10.36,mist
574,Binga,ZW,-17.6203,27.3414,71.29,91,97,0.74,overcast clouds
575,Petapa,GT,14.5028,-90.5517,60.8,55,0,20.71,clear sky
576,Saint-Francois,FR,46.4154,3.9054,46.4,76,0,8.05,light rain
577,Mizdah,LY,31.4451,12.9801,52.92,46,2,12.21,clear sky
578,Ambovombe,MG,-25.1667,46.0833,76.5,80,2,4.54,clear sky
579,Slonim,BY,53.0867,25.3219,15.42,97,95,5.5,overcast clouds
580,Panzhihua,CN,26.5851,101.7128,55.0,35,0,1.01,clear sky
581,Tanabe,JP,33.7333,135.3667,42.8,52,40,17.27,scattered clouds
582,Itupiranga,BR,-5.1347,-49.3267,78.8,94,0,4.61,clear sky
583,San Ramon,US,37.7799,-121.978,48.2,76,1,4.61,clear sky
584,Vardo,NO,70.3705,31.1107,25.95,97,100,17.16,light snow
585,Sakakah,SA,29.9697,40.2064,42.8,65,0,6.91,clear sky
586,Hovd,MN,48.0056,91.6419,14.23,72,100,1.01,overcast clouds
587,Rocky Mountain House,CA,52.3668,-114.9188,3.2,78,0,2.3,clear sky
588,Mogok,MM,22.9167,96.5,69.89,47,0,2.39,clear sky
589,Shieli,KZ,44.1667,66.75,28.53,81,85,6.78,overcast clouds
590,Oudtshoorn,ZA,-33.5907,22.2014,57.2,88,0,5.75,clear sky
591,Bytosh,RU,53.8186,34.0912,24.8,86,90,11.18,snow
592,Palana,RU,59.1167,159.9667,-3.96,91,39,11.45,scattered clouds
593,Tomohon,ID,1.3346,124.8392,84.2,74,40,1.14,scattered clouds
594,Bayji,IQ,34.9311,43.487,45.99,76,0,5.95,clear sky
595,Zheleznodorozhnyy,RU,55.7503,38.0042,28.4,74,75,8.95,broken clouds
596,Valley,US,45.1277,-116.1262,32.0,86,90,0.98,snow
597,Basar,IN,27.9833,94.6667,60.8,82,40,4.61,mist
598,Bavleny,RU,56.4,39.56,23.09,98,100,10.78,overcast clouds
599,Te Anau,NZ,-45.4167,167.7167,66.49,44,1,2.59,clear sky
600,Bud,US,39.447,-86.1758,27.0,79,55,6.22,broken clouds
601,Logan,US,41.7355,-111.8344,35.01,71,100,4.47,light snow
602,Kandi,BJ,11.1342,2.9386,68.34,24,0,5.75,clear sky
603,Kruisfontein,ZA,-34.0033,24.7314,55.99,89,0,1.01,clear sky
604,Verkhoyansk,RU,67.5447,133.385,-41.49,76,95,0.04,overcast clouds
605,Novoagansk,RU,61.9449,76.6625,-40.38,80,10,2.44,clear sky
606,Tateyama,JP,34.9833,139.8667,48.0,46,40,5.75,scattered clouds
607,Maputo,MZ,-25.9653,32.5892,78.01,88,40,2.3,scattered clouds
608,Praya,CV,14.9215,-23.5087,73.4,53,0,16.11,clear sky
609,Surt,LY,31.2089,16.5887,61.99,50,6,15.7,clear sky
610,Oros,BR,-6.2444,-38.9136,75.09,85,100,3.15,overcast clouds
611,Oyonnax,FR,46.2592,5.6573,46.0,93,0,4.61,clear sky
612,Mantua,IT,45.1667,10.7833,35.01,86,10,3.44,clear sky
613,Benalla,AU,-36.55,145.9833,80.6,44,75,11.5,broken clouds
614,Stephenville,US,32.2207,-98.2023,55.4,71,1,8.05,clear sky
615,El Progreso,HN,15.4,-87.8,72.0,97,84,1.57,broken clouds
616,Nakamura,JP,32.9833,132.9333,48.06,50,0,7.67,clear sky
617,Elk Plain,US,47.0532,-122.3976,42.8,93,75,3.0,broken clouds
618,Nata,PA,8.3333,-80.5167,73.99,50,56,5.99,broken clouds
619,Avera,US,33.194,-82.5271,35.6,75,1,4.79,clear sky
620,Suntar,RU,62.1444,117.6319,-42.63,77,100,2.64,overcast clouds
621,Yaan,NG,7.3833,8.5667,70.59,42,26,5.1,scattered clouds
622,Vila Franca Do Campo,PT,37.7167,-25.4333,59.0,94,20,8.05,few clouds
623,Taoudenni,ML,22.6783,-3.9836,66.06,26,0,11.43,clear sky
624,Walvis Bay,NA,-22.9575,14.5053,66.99,82,16,9.22,few clouds
625,Tabatinga,BR,-4.2525,-69.9381,73.4,100,40,0.94,scattered clouds
626,Derzhavinsk,KZ,51.1,66.3167,16.45,92,92,11.14,overcast clouds
627,Pietarsaari,FI,63.65,22.6833,23.0,86,90,12.66,light snow
628,Boende,CD,-0.2167,20.8667,70.63,92,92,2.71,overcast clouds
629,Winchester,GB,51.0651,-1.3187,44.01,93,75,11.5,moderate rain
630,Abu Kamal,SY,34.4506,40.9171,44.82,69,1,10.09,clear sky
631,Alekseyevsk,RU,57.8406,108.3492,-34.76,79,31,3.56,scattered clouds
632,Ndele,CF,8.4109,20.6473,75.76,18,73,11.74,broken clouds
633,Sobolevo,RU,54.4299,31.8996,22.14,97,100,13.06,light snow
634,Julio De Castilhos,BR,-29.2269,-53.6817,75.2,83,0,9.22,clear sky
635,Okitipupa,NG,6.5047,4.7839,75.22,97,91,1.88,overcast clouds
636,Svetlyy,RU,54.675,20.1347,32.0,100,75,6.71,light snow
637,Jacarezinho,BR,-23.1606,-49.9694,69.62,93,100,2.66,overcast clouds
638,Tadepallegudem,IN,16.8333,81.5,77.0,83,32,5.75,mist
639,Wladyslawowo,PL,54.7909,18.4009,33.01,93,75,8.05,broken clouds
640,Flinders,AU,-34.5833,150.8552,77.0,84,70,5.01,light rain
641,Snezhnogorsk,RU,69.1933,33.2531,12.2,85,75,2.24,light snow
642,Comodoro Rivadavia,AR,-45.8667,-67.5,51.8,71,0,3.89,clear sky
643,Palaikastron,GR,35.2,26.25,61.0,85,68,14.56,broken clouds
644,Sawakin,SD,19.1059,37.3321,70.02,62,90,15.28,overcast clouds
645,Inverell,AU,-29.7833,151.1167,90.0,40,54,3.0,broken clouds
646,Montague,US,42.5356,-72.5351,9.0,72,0,5.01,clear sky
647,Port Victoria,KE,0.0939,33.9756,70.2,64,44,7.2,scattered clouds
648,Northam,GB,51.0333,-4.2167,48.0,95,100,11.99,moderate rain
649,Nioro,GM,13.35,-15.75,69.67,19,0,5.03,clear sky
650,Okhotsk,RU,59.3833,143.3,-6.56,85,0,10.96,clear sky
651,Charlottesville,US,38.0293,-78.4767,27.0,43,1,3.0,clear sky
652,Kenora,CA,49.8167,-94.4337,15.8,79,75,10.36,broken clouds
653,Hinesville,US,31.8469,-81.5959,41.0,93,1,2.35,clear sky
654,Putina,PE,-15.4667,-69.4333,46.89,73,58,5.77,broken clouds
655,Grenaa,DK,56.4158,10.8783,30.2,86,90,6.91,overcast clouds
656,Cairns,AU,-16.9167,145.7667,89.01,62,86,17.27,overcast clouds
657,Erdemli,TR,36.605,34.3084,46.6,52,3,4.29,clear sky
658,Beyneu,KZ,45.3167,55.2,31.87,97,52,5.12,broken clouds
659,Nagorsk,RU,59.3172,50.8078,23.56,98,100,7.76,snow
660,Sebinkarahisar,TR,40.2883,38.4236,17.76,94,48,1.59,scattered clouds
661,Belonia,IN,23.2528,91.4514,71.44,38,0,2.08,clear sky
662,Fonte Boa,BR,-2.4959,-66.2662,76.03,79,77,2.33,broken clouds
663,Barcelos,PT,41.5388,-8.6151,57.2,94,90,6.91,overcast clouds
664,Enid,US,36.3956,-97.8784,52.0,66,75,25.32,broken clouds
665,Wewak,PG,-3.5534,143.6268,84.4,72,100,5.64,light rain
666,Marquette,US,46.5333,-87.6335,10.0,85,1,3.83,clear sky
667,Phalaborwa,ZA,-23.943,31.1411,71.6,100,79,2.3,broken clouds
668,Chapleau,CA,47.8405,-83.4034,-5.8,84,1,3.2,clear sky
669,Mehamn,NO,71.0357,27.8492,24.58,96,100,17.45,light snow
670,Vung Tau,VN,10.346,107.0843,76.77,65,100,3.04,overcast clouds
671,Norden,DE,53.6,7.2,32.0,85,69,1.99,broken clouds
672,Jacqueville,CI,5.2052,-4.4146,77.0,94,51,3.44,light rain
673,Briancon,FR,44.9,6.65,46.0,49,31,4.83,scattered clouds
674,Hvolsvollur,IS,63.7533,-20.2243,26.01,94,95,4.0,overcast clouds
675,Whitehorse,CA,60.7161,-135.0538,0.0,78,75,5.75,broken clouds
676,Sechura,PE,-5.5569,-80.8222,76.98,64,81,13.65,broken clouds
677,Pleasanton,US,37.6624,-121.8747,48.0,76,1,4.61,clear sky
678,Wanaka,NZ,-44.7,169.15,67.51,42,1,2.91,clear sky
679,Pochutla,MX,15.7432,-96.4661,78.8,83,75,6.91,broken clouds
680,Callaguip,PH,18.0714,120.4867,82.4,44,75,10.36,broken clouds
681,Dingle,PH,10.9995,122.6711,76.93,85,100,17.02,overcast clouds
